episode,step,h_norm,attn_out_norm,update_norm,ffn_norm,h_new_norm,ratio_update_h,cos_h_prev,l2_h_prev,cos_q_prev,V_pw_cos,K_pw_cos,z_pw_cos,attn_entropy,attn_jsd_prev,logits_max_diff,kl_pi_prev,action
0,0,0.0,0.6599370837211609,2.6397483348846436,2.6835858821868896,11.308902740478516,2639748334.8846436,nan,nan,nan,0.4527873396873474,0.476523220539093,-0.05681651458144188,2.7725870609283447,nan,nan,nan,0
0,1,11.308902740478516,0.6600756645202637,2.6403026580810547,2.7092127799987793,11.309282302856445,0.23347116149743588,0.98480224609375,1.9716657400131226,0.1907976269721985,0.45238056778907776,0.4753279983997345,-0.05708610266447067,2.772289752960205,7.475255551980808e-05,0.04478398710489273,0.0005605621263384819,2
0,2,11.309282302856445,0.6601593494415283,2.6406373977661133,2.6971263885498047,11.309585571289062,0.23349292440061856,0.9917412996292114,1.453486680984497,0.9816766977310181,0.45232638716697693,0.4754505753517151,-0.05701430141925812,2.772329330444336,4.0923841879703104e-06,0.03338891267776489,0.00010021287016570568,0
0,3,11.309585571289062,0.6594291925430298,2.637716770172119,2.674523115158081,11.309820175170898,0.23322841969278926,0.9955258369445801,1.069838523864746,0.9906573295593262,0.44980332255363464,0.4764237701892853,-0.05687352642416954,2.772357940673828,3.0570372473448515e-06,0.03512880578637123,3.757013473659754e-05,2
0,4,11.309820175170898,0.6598157286643982,2.6392629146575928,2.653111457824707,11.310003280639648,0.23336028988787277,0.9975205659866333,0.7964174151420593,0.9951825737953186,0.44935086369514465,0.47619184851646423,-0.05731721594929695,2.7723684310913086,1.966531272046268e-06,0.03723381459712982,5.6641409173607826e-05,1
0,5,11.310003280639648,0.6604374647140503,2.641749858856201,2.636718511581421,11.310147285461426,0.2335764007582847,0.9985787272453308,0.6029878854751587,0.9974122643470764,0.4508650004863739,0.47470638155937195,-0.05794234201312065,2.772366523742676,1.1522170098032802e-06,0.034024909138679504,5.8627454563975334e-05,1
0,6,11.310147285461426,0.6601377725601196,2.6405510902404785,2.6255242824554443,11.310264587402344,0.23346743624061927,0.9991338849067688,0.4707547724246979,0.9985427856445312,0.45023563504219055,0.47584787011146545,-0.05801235884428024,2.77235746383667,1.0548828868195415e-06,0.030932869762182236,5.578016862273216e-05,2
0,7,11.310264587402344,0.6592956185340881,2.6371824741363525,2.6188297271728516,11.310358047485352,0.23316717781065108,0.999459981918335,0.37167564034461975,0.999125599861145,0.4502953886985779,0.47553449869155884,-0.058695077896118164,2.772352695465088,4.5933484216220677e-07,0.027444258332252502,4.487356636673212e-05,0
0,8,11.310358047485352,0.6592006683349609,2.6368026733398438,2.615973711013794,11.310432434082031,0.23313167118755254,0.999646782875061,0.30057448148727417,0.9994531869888306,0.45038333535194397,0.47516870498657227,-0.059044864028692245,2.7723441123962402,3.319319148431532e-07,0.0224895179271698,2.908310852944851e-05,1
0,9,11.310432434082031,0.6588746309280396,2.635498523712158,2.6154541969299316,11.310495376586914,0.23301483290510974,0.9997587203979492,0.248420849442482,0.9996427893638611,0.4509224593639374,0.47524529695510864,-0.05940882861614227,2.772336721420288,1.7207639757543802e-07,0.01891404390335083,1.916178734973073e-05,1
0,10,11.310495376586914,0.6588015556335449,2.6352062225341797,2.6163270473480225,11.310547828674316,0.23298769282812676,0.9998306632041931,0.20814046263694763,0.999758780002594,0.4506586194038391,0.4754594564437866,-0.059636276215314865,2.7723264694213867,2.891993062803522e-07,0.015113919973373413,1.1960393749177456e-05,1
0,11,11.310547828674316,0.6588390469551086,2.6353561878204346,2.6180975437164307,11.310589790344238,0.23299987124755553,0.9998784065246582,0.1763988733291626,0.9998334050178528,0.45046812295913696,0.47516313195228577,-0.06015772745013237,2.7723193168640137,8.57562554301694e-08,0.011558294296264648,6.19224738329649e-06,3
0,12,11.310589790344238,0.6603579521179199,2.6414318084716797,2.619826078414917,11.310626983642578,0.23353616897384513,0.999909520149231,0.15218950808048248,0.9998811483383179,0.4502120912075043,0.4752753674983978,-0.06061053276062012,2.772310733795166,1.4718898455612361e-07,0.007295459508895874,2.230633981525898e-06,2
0,13,11.310626983642578,0.6589652895927429,2.6358611583709717,2.6217033863067627,11.310650825500488,0.2330428863212404,0.9999359846115112,0.12797154486179352,0.9999147653579712,0.45016759634017944,0.47481027245521545,-0.06109357625246048,2.7723093032836914,1.9757135305553675e-07,0.006558060646057129,1.6765552572906017e-06,0
0,14,11.310650825500488,0.6587703824043274,2.6350815296173096,2.623621940612793,11.310669898986816,0.23297346636113744,0.9999525547027588,0.11015484482049942,0.9999381303787231,0.4500170946121216,0.4746837019920349,-0.06124240532517433,2.7723042964935303,4.936509867548011e-08,0.004976063966751099,8.863280527293682e-07,0
0,15,11.310669898986816,0.6590988039970398,2.636395215988159,2.6256139278411865,11.310683250427246,0.23308921925343443,0.9999640583992004,0.09589564055204391,0.9999547600746155,0.44999077916145325,0.474866658449173,-0.0614103265106678,2.7723019123077393,1.8254468159284443e-08,0.0037015974521636963,4.1193561628460884e-07,3
0,16,11.310683250427246,0.6606022715568542,2.642409086227417,2.627340078353882,11.310696601867676,0.2336206423363154,0.9999719858169556,0.08459615707397461,0.9999666213989258,0.4496089220046997,0.47500213980674744,-0.06146544590592384,2.7722926139831543,1.8225000530947e-07,0.002016782760620117,1.8044374883174896e-07,3
0,17,11.310696601867676,0.6599911451339722,2.6399645805358887,2.628592014312744,11.310704231262207,0.23340424320991557,0.9999786615371704,0.07391849160194397,0.9999754428863525,0.44945386052131653,0.47392672300338745,-0.061393849551677704,2.7723021507263184,3.5030325307161547e-07,0.0020695924758911133,7.633061613887548e-07,0
0,18,11.310704231262207,0.6601170897483826,2.6404683589935303,2.6303772926330566,11.310709953308105,0.23344862574475345,0.9999825954437256,0.06671562790870667,0.9999799132347107,0.44808095693588257,0.4758000671863556,-0.06145323067903519,2.7723124027252197,3.497916623018682e-07,0.002166241407394409,8.759379852563143e-07,1
0,19,11.310709953308105,0.6596960425376892,2.638784170150757,2.632223606109619,11.310712814331055,0.23329960551052564,0.9999873638153076,0.056796036660671234,0.9999854564666748,0.44989871978759766,0.4738118350505829,-0.061276260763406754,2.7723071575164795,2.3403845261782408e-07,0.002627268433570862,9.190989658236504e-07,2
0,20,11.310712814331055,0.6608290076255798,2.6433160305023193,2.634303569793701,11.310714721679688,0.23370021623687137,0.9999904632568359,0.04958159103989601,0.9999869465827942,0.4494379460811615,0.4740091860294342,-0.061719536781311035,2.7722997665405273,5.512229108717293e-07,0.002732798457145691,9.092618711292744e-07,2
0,21,11.310714721679688,0.6598039865493774,2.6392159461975098,2.636672019958496,11.310709953308105,0.23333768122882825,0.9999923706054688,0.04420962929725647,0.9999911785125732,0.44877541065216064,0.47272777557373047,-0.06196876987814903,2.7723023891448975,1.4585384633392096e-07,0.0024918317794799805,6.024201866239309e-07,2
0,22,11.310709953308105,0.6601946949958801,2.6407787799835205,2.637705087661743,11.310710906982422,0.23347595251623948,0.9999933242797852,0.041391532868146896,0.9999924898147583,0.4467766582965851,0.4731040894985199,-0.06182456761598587,2.7722995281219482,1.2953023542650044e-07,0.0007541477680206299,1.0848452802747488e-07,0
0,23,11.310710906982422,0.6609030365943909,2.6436121463775635,2.6383042335510254,11.310709953308105,0.23372643577563165,0.9999946355819702,0.03731779009103775,0.9999939203262329,0.44681504368782043,0.4741094708442688,-0.06188364699482918,2.7722954750061035,6.110349204391241e-08,0.001138836145401001,3.7096469895914197e-07,1
0,24,11.310709953308105,0.6608541011810303,2.643416404724121,2.6392710208892822,11.310708999633789,0.2337091496145197,0.9999955892562866,0.03378237783908844,0.9999955892562866,0.44744789600372314,0.4735316038131714,-0.061708830296993256,2.7722952365875244,5.029505700804293e-09,0.0017246901988983154,5.037509254179895e-07,3
0,25,11.310708999633789,0.6598837971687317,2.6395351886749268,2.6406333446502686,11.310705184936523,0.23336602407155801,0.9999950528144836,0.03561145067214966,0.9999964237213135,0.4502134919166565,0.47370147705078125,-0.06128261983394623,2.7722902297973633,2.4729888536967337e-07,0.0025019049644470215,1.3740864233113825e-06,2
0,26,11.310705184936523,0.6605247855186462,2.642099142074585,2.6410305500030518,11.310704231262207,0.23359278655704901,0.9999959468841553,0.03232502192258835,0.999995768070221,0.44881775975227356,0.4742845594882965,-0.06109309196472168,2.772296190261841,3.9861515688244253e-07,0.0015252530574798584,5.805632099509239e-07,3
0,27,11.310704231262207,0.6598573923110962,2.6394295692443848,2.6420021057128906,11.310700416564941,0.23335678444752686,0.9999954700469971,0.03400524705648422,0.9999967217445374,0.4512827694416046,0.47434571385383606,-0.06083669513463974,2.772298574447632,1.102307578548789e-07,0.0024720430374145508,1.1164520401507616e-06,2
0,28,11.310700416564941,0.66098952293396,2.64395809173584,2.6420185565948486,11.310698509216309,0.2337572382222824,0.9999961853027344,0.03133697062730789,0.9999963641166687,0.45045730471611023,0.4749540388584137,-0.06090601906180382,2.7722983360290527,8.817369234748185e-08,0.0010333359241485596,3.798631951212883e-07,0
0,29,11.310698509216309,0.6606048941612244,2.6424195766448975,2.641951322555542,11.31069564819336,0.23362125464592412,0.9999964833259583,0.02998993918299675,0.9999971389770508,0.45061999559402466,0.47444790601730347,-0.06071269512176514,2.7723021507263184,1.4733814168721437e-07,0.0011390447616577148,3.525638021528721e-07,0
0,30,11.31069564819336,0.6602398753166199,2.6409595012664795,2.642158031463623,11.310694694519043,0.23349222571366032,0.9999964237213135,0.030325833708047867,0.999997615814209,0.4512614607810974,0.4749184250831604,-0.06045745313167572,2.7723045349121094,1.43594661494717e-07,0.0011179298162460327,3.4086406230926514e-07,3
0,31,11.310694694519043,0.6599733829498291,2.6398935317993164,2.643219470977783,11.310688972473145,0.23339800101567243,0.9999949932098389,0.0355275496840477,0.9999974966049194,0.45355790853500366,0.4755110442638397,-0.05980365350842476,2.7723066806793213,6.414120434783399e-08,0.0018241703510284424,7.279741112142801e-07,3
0,32,11.310688972473145,0.6614161729812622,2.645664691925049,2.643665075302124,11.310687065124512,0.23390835857690107,0.9999960064888,0.03160568326711655,0.999996542930603,0.4537830650806427,0.4756452441215515,-0.0598161444067955,2.772304058074951,2.778397174552083e-07,0.0017106831073760986,4.483445081859827e-07,1
0,33,11.310687065124512,0.6616576313972473,2.6466305255889893,2.6439626216888428,11.310684204101562,0.233993789267642,0.9999967217445374,0.028799330815672874,0.9999969601631165,0.4536352753639221,0.4749853014945984,-0.059875790029764175,2.772305488586426,1.0644907888490707e-07,0.00168687105178833,3.591412678360939e-08,0
0,34,11.310684204101562,0.6615684628486633,2.6462738513946533,2.643904209136963,11.31068229675293,0.23396231418387956,0.9999967217445374,0.02924145758152008,0.9999974966049194,0.4541093409061432,0.474313884973526,-0.0596565380692482,2.7723135948181152,5.432666512206197e-07,0.0016289055347442627,2.0473089534789324e-07,0
0,35,11.31068229675293,0.6609354019165039,2.6437416076660156,2.644237756729126,11.310680389404297,0.23373847291466943,0.9999973177909851,0.02604745887219906,0.9999974370002747,0.451861709356308,0.4743717908859253,-0.05962977185845375,2.7723140716552734,8.450751920463517e-08,0.0007217526435852051,5.698530003428459e-08,0
0,36,11.310680389404297,0.6614075303077698,2.645630121231079,2.6445131301879883,11.310676574707031,0.2339054796128332,0.9999980330467224,0.022110220044851303,0.999997615814209,0.45343881845474243,0.47355639934539795,-0.059941116720438004,2.772317886352539,2.274828148074448e-07,0.0013812482357025146,1.8996070139110088e-07,3
0,37,11.310676574707031,0.6614543199539185,2.645817279815674,2.644517183303833,11.310672760009766,0.23392210557344184,0.999998152256012,0.02172248810529709,0.9999984502792358,0.4521292448043823,0.472118079662323,-0.05978139117360115,2.772315740585327,2.237175067421049e-07,0.0011373162269592285,9.086215868592262e-08,0
0,38,11.310672760009766,0.6606264114379883,2.642505645751953,2.64486026763916,11.31067180633545,0.23362939604219188,0.9999984502792358,0.020238658413290977,0.9999982714653015,0.451998770236969,0.4724465608596802,-0.059572648257017136,2.772310495376587,1.3199860404711217e-07,0.0013457834720611572,2.3958273231983185e-07,0
0,39,11.31067180633545,0.6612954139709473,2.645181655883789,2.6445279121398926,11.31067180633545,0.23386600735794869,0.9999985098838806,0.019755655899643898,0.9999986290931702,0.451686292886734,0.472455233335495,-0.05942484363913536,2.772308826446533,2.3705524654360488e-08,0.0012537837028503418,1.1602242011576891e-07,1
0,40,11.31067180633545,0.6617209911346436,2.646883964538574,2.643993616104126,11.3106689453125,0.23401651200382054,0.9999983906745911,0.020205583423376083,0.9999986886978149,0.45219388604164124,0.47123584151268005,-0.0590801015496254,2.7723121643066406,8.359893399756402e-08,0.0014682412147521973,1.2351665645837784e-07,3
0,41,11.3106689453125,0.6615922451019287,2.646368980407715,2.644934892654419,11.310665130615234,0.2339710403693191,0.9999979138374329,0.022900326177477837,0.9999983906745911,0.4543810784816742,0.47140973806381226,-0.058700259774923325,2.7723124027252197,5.028705345466733e-07,0.0020780563354492188,7.251219358295202e-07,0
0,42,11.310665130615234,0.6613543629646301,2.6454174518585205,2.6440069675445557,11.310665130615234,0.23388699261354803,0.9999969005584717,0.027852293103933334,0.9999983906745911,0.45402559638023376,0.47181785106658936,-0.05749877169728279,2.7723097801208496,4.415414878167212e-07,0.003274291753768921,1.1962256394326687e-06,0
0,43,11.310665130615234,0.6597540378570557,2.6390161514282227,2.648847818374634,11.310667037963867,0.23332104000542322,0.9999517798423767,0.11099082231521606,0.9999966025352478,0.4531265199184418,0.4771859049797058,-0.05679653584957123,2.77231502532959,6.987647793721408e-07,0.012282103300094604,1.8875347450375557e-05,3
0,44,11.310667037963867,0.6591982245445251,2.6367928981781006,2.6502466201782227,11.310669898986816,0.23312443813683095,0.9999691843986511,0.08873831480741501,0.999959409236908,0.45247113704681396,0.4759889543056488,-0.056699611246585846,2.7723164558410645,2.8036811272613704e-07,0.009446769952774048,1.40689080581069e-05,1
0,45,11.310669898986816,0.6592976450920105,2.637190580368042,2.6500282287597656,11.310675621032715,0.23315953908302772,0.9999788999557495,0.0733407512307167,0.9999755620956421,0.45242181420326233,0.4760929048061371,-0.056631650775671005,2.772313117980957,1.0888106771744788e-07,0.007835239171981812,1.0695075616240501e-05,0
0,46,11.310675621032715,0.6593735814094543,2.6374943256378174,2.649118661880493,11.310684204101562,0.2331862758696109,0.9999855756759644,0.060618992894887924,0.9999836683273315,0.45065638422966003,0.47743988037109375,-0.056797489523887634,2.77231502532959,1.99524947674945e-07,0.006254643201828003,6.356742233037949e-06,3
0,47,11.310684204101562,0.6594913601875305,2.637965440750122,2.6475179195404053,11.310689926147461,0.23322775113759464,0.9999892711639404,0.05235827714204788,0.9999891519546509,0.451323002576828,0.47652873396873474,-0.05742531642317772,2.772308588027954,3.1066156225278974e-07,0.0055620670318603516,3.3871037885546684e-06,2
0,48,11.310689926147461,0.6598279476165771,2.6393117904663086,2.6468353271484375,11.310698509216309,0.23334666653400918,0.9999918937683105,0.045268572866916656,0.9999920129776001,0.4493735134601593,0.4768844544887543,-0.057808343321084976,2.7723116874694824,3.113382263109088e-07,0.0036947131156921387,1.8611317500472069e-06,2
0,49,11.310698509216309,0.6600715517997742,2.6402862071990967,2.6454949378967285,11.31070613861084,0.23343263946499054,0.9999939203262329,0.039326269179582596,0.9999940395355225,0.4504372775554657,0.47544652223587036,-0.058167632669210434,2.772306442260742,1.0771327652037144e-07,0.0028237104415893555,8.760252967476845e-07,1
0,50,11.31070613861084,0.6604515314102173,2.641806125640869,2.6441502571105957,11.310711860656738,0.2335668607482124,0.9999954700469971,0.03418201208114624,0.9999954700469971,0.4505661129951477,0.4763396680355072,-0.058566611260175705,2.7723007202148438,3.193708835169673e-07,0.0020512044429779053,5.62082277610898e-07,0
0,51,11.310711860656738,0.6603456139564514,2.6413824558258057,2.6427509784698486,11.310718536376953,0.2335292851914661,0.9999966025352478,0.029485955834388733,0.9999966025352478,0.4505364000797272,0.4749336242675781,-0.059044528752565384,2.772306203842163,3.3467222237959504e-07,0.0014115869998931885,4.384201020002365e-07,1
0,52,11.310718536376953,0.6600238084793091,2.6400952339172363,2.641908884048462,11.310723304748535,0.23341534186588567,0.9999976754188538,0.02437540516257286,0.9999974966049194,0.4511905610561371,0.47605350613594055,-0.05933032184839249,2.7723021507263184,3.978129825554788e-07,0.0018273890018463135,8.622591849416494e-07,1
0,53,11.310723304748535,0.6599385142326355,2.639754056930542,2.641019105911255,11.310728073120117,0.23338507943362957,0.9999985098838806,0.020156539976596832,0.9999983310699463,0.45090416073799133,0.4762996733188629,-0.05955537036061287,2.7722978591918945,8.619281288702041e-08,0.0016205310821533203,6.220652721822262e-07,1
0,54,11.310728073120117,0.6599552035331726,2.6398208141326904,2.6402554512023926,11.3107328414917,0.23339088315686857,0.9999986886978149,0.018099483102560043,0.9999988675117493,0.45070990920066833,0.4759460389614105,-0.06007062643766403,2.772296905517578,6.688424036838114e-09,0.0016353726387023926,5.904148565605283e-07,3
0,55,11.3107328414917,0.6594758033752441,2.6379032135009766,2.6390256881713867,11.310733795166016,0.23322124662198992,0.9999984502792358,0.020469842478632927,0.9999991655349731,0.4502698481082916,0.4748888909816742,-0.06033945456147194,2.772304058074951,2.3965003492776304e-07,0.0012657642364501953,5.136971594765782e-07,1
0,56,11.310733795166016,0.6592220067977905,2.636888027191162,2.637946128845215,11.310736656188965,0.23313147271825246,0.9999983906745911,0.02038927935063839,0.9999986886978149,0.4500599801540375,0.47457411885261536,-0.06079556792974472,2.7723028659820557,2.6221641746815294e-08,0.0012882202863693237,3.27054294757545e-07,3
0,57,11.310736656188965,0.6589381098747253,2.6357524394989014,2.63809871673584,11.310734748840332,0.2330310146560331,0.9999977946281433,0.023786768317222595,0.9999986886978149,0.4497770071029663,0.4748367369174957,-0.061142418533563614,2.772303581237793,1.3922544894739985e-07,0.0014064908027648926,5.360489012673497e-07,2
0,58,11.310734748840332,0.6593380570411682,2.637352228164673,2.637394666671753,11.310735702514648,0.2331724938059462,0.999998152256012,0.02219715155661106,0.9999980330467224,0.4498939514160156,0.4746774137020111,-0.06117723882198334,2.772301435470581,1.3760291039943695e-07,0.0018640309572219849,6.339687388390303e-07,2
0,59,11.310735702514648,0.6605446338653564,2.642178535461426,2.63749623298645,11.310735702514648,0.23359917559332644,0.9999978542327881,0.023485861718654633,0.9999983310699463,0.450068861246109,0.47563838958740234,-0.06139737367630005,2.7722909450531006,3.3463220461271703e-07,0.0017268508672714233,3.5623088479042053e-07,1
0,60,11.310735702514648,0.6607569456100464,2.6430277824401855,2.6375620365142822,11.310733795166016,0.23367425885944598,0.9999980330467224,0.02240581437945366,0.9999983906745911,0.45029526948928833,0.4755173921585083,-0.061456166207790375,2.772296190261841,1.2189775588922203e-07,0.001582324504852295,3.0727824196219444e-07,2
0,61,11.310733795166016,0.659518837928772,2.638075351715088,2.6381404399871826,11.31072998046875,0.23323644597157342,0.999997615814209,0.02425472065806389,0.9999984502792358,0.4505952298641205,0.47556349635124207,-0.06158284470438957,2.7723069190979004,2.448614395689219e-07,0.0007448494434356689,-9.720679372549057e-09,3
0,62,11.31072998046875,0.660449743270874,2.641798973083496,2.6385762691497803,11.310728073120117,0.23356573604403313,0.9999985694885254,0.01907483860850334,0.9999985694885254,0.45068612694740295,0.47535884380340576,-0.06139206141233444,2.772304058074951,9.801442502066493e-08,0.0016933977603912354,3.0174851417541504e-07,0
0,63,11.310728073120117,0.6607636213302612,2.643054485321045,2.638570547103882,11.3107271194458,0.23367677732455167,0.9999982118606567,0.021177595481276512,0.9999988675117493,0.4498567283153534,0.47386634349823,-0.06163431704044342,2.7723095417022705,4.943649400956929e-07,0.0009934604167938232,-1.2747477740049362e-08,2
0,64,11.3107271194458,0.6608880758285522,2.643552303314209,2.63908314704895,11.310725212097168,0.23372080993531535,0.9999985098838806,0.019295573234558105,0.9999988079071045,0.44908714294433594,0.4729747474193573,-0.06182578578591347,2.7723095417022705,-2.059550752164796e-09,0.0011955201625823975,2.036977093666792e-07,2
0,65,11.310725212097168,0.6604982614517212,2.6419930458068848,2.639193058013916,11.310723304748535,0.23358299280237063,0.9999984502792358,0.020217129960656166,0.999998927116394,0.44892552495002747,0.47336408495903015,-0.061689477413892746,2.772307872772217,6.534901331178844e-08,0.001792311668395996,7.63509888201952e-07,2
0,66,11.310723304748535,0.6612094640731812,2.6448378562927246,2.6389615535736084,11.310720443725586,0.23383454665382478,0.9999980330467224,0.02235827036201954,0.9999986886978149,0.44902247190475464,0.47441208362579346,-0.06165129318833351,2.772304058074951,6.714617484249175e-08,0.0024617016315460205,1.0111252777278423e-06,2
0,67,11.310720443725586,0.6611733436584473,2.644693374633789,2.6392006874084473,11.310717582702637,0.23382183193298567,0.9999977350234985,0.023979462683200836,0.9999984502792358,0.44966965913772583,0.47380122542381287,-0.06143660843372345,2.772304058074951,5.821675586048514e-09,0.002321287989616394,1.2436357792466879e-06,0
0,68,11.310717582702637,0.6603999137878418,2.641599655151367,2.6396379470825195,11.310715675354004,0.23354837001598716,0.9999967813491821,0.028759656473994255,0.9999983310699463,0.44836482405662537,0.47518113255500793,-0.06089739501476288,2.7722983360290527,2.1391497284639627e-07,0.0034460127353668213,2.5339541025459766e-06,3
0,69,11.310715675354004,0.6605167388916016,2.6420669555664062,2.640062093734741,11.310713768005371,0.23358972424030228,0.9999971389770508,0.027147212997078896,0.9999971389770508,0.45110076665878296,0.47690773010253906,-0.060593921691179276,2.7722983360290527,5.231195245869458e-07,0.0024123340845108032,1.0862713679671288e-06,1
0,70,11.310713768005371,0.6603379249572754,2.6413516998291016,2.640522003173828,11.310710906982422,0.2335265266194514,0.9999960660934448,0.03168116882443428,0.999997615814209,0.44990140199661255,0.4759733974933624,-0.06046374514698982,2.7723119258880615,7.010130502749234e-07,0.002663344144821167,1.3745157048106194e-06,1
0,71,11.310710906982422,0.660510241985321,2.642040967941284,2.6407370567321777,11.310708045959473,0.23358752510509995,0.9999963641166687,0.030272986739873886,0.9999969005584717,0.45270442962646484,0.4746874272823334,-0.06057526916265488,2.7723069190979004,1.548360160086304e-07,0.0017957091331481934,5.43281203135848e-07,1
0,72,11.310708045959473,0.6601477265357971,2.6405909061431885,2.6408157348632812,11.31070327758789,0.2334593816243438,0.9999966025352478,0.029291216284036636,0.999997079372406,0.4528696835041046,0.47418054938316345,-0.06038479506969452,2.7723097801208496,1.3226235751062632e-07,0.0017486661672592163,4.366738721728325e-07,0
0,73,11.31070327758789,0.6599789261817932,2.639915704727173,2.6412997245788574,11.310700416564941,0.23339978425197966,0.999995768070221,0.0329354926943779,0.9999973773956299,0.45170846581459045,0.4764965772628784,-0.05976386368274689,2.7723169326782227,2.046181180048734e-07,0.0020411908626556396,9.00996383279562e-07,1
0,74,11.310700416564941,0.6602005958557129,2.6408023834228516,2.641874313354492,11.310697555541992,0.2334782361979368,0.9999966621398926,0.029075076803565025,0.9999970197677612,0.4539833664894104,0.4753180742263794,-0.059821709990501404,2.7723116874694824,2.0508377929218113e-07,0.0015428513288497925,4.2168539948761463e-07,1
0,75,11.310697555541992,0.6604488492012024,2.6417953968048096,2.6424400806427,11.310693740844727,0.23356608943277668,0.999997079372406,0.027463559061288834,0.9999973773956299,0.45443642139434814,0.47545960545539856,-0.059630151838064194,2.772312641143799,6.986738299019635e-08,0.0016744434833526611,3.522145561873913e-07,0
0,76,11.310693740844727,0.6608604788780212,2.643441915512085,2.643031120300293,11.310691833496094,0.2337117400647312,0.9999964237213135,0.030014269053936005,0.9999977350234985,0.4525775909423828,0.4764341413974762,-0.05938727781176567,2.772320032119751,3.8067082641646266e-07,0.0025732219219207764,3.469467628747225e-07,1
0,77,11.310691833496094,0.6607065200805664,2.6428260803222656,2.643620014190674,11.310687065124512,0.23365733230355173,0.999997615814209,0.024173356592655182,0.9999972581863403,0.4545235335826874,0.47456789016723633,-0.059729330241680145,2.7723145484924316,1.8385071598459035e-07,0.001561284065246582,3.1790114007890224e-07,2
0,78,11.310687065124512,0.6616241335868835,2.646496534347534,2.644690990447998,11.310684204101562,0.2339819428395087,0.9999980926513672,0.02176697365939617,0.9999979734420776,0.4544517397880554,0.4743731915950775,-0.059862397611141205,2.7723093032836914,2.1478263079188764e-07,0.001652836799621582,2.614324330352247e-07,2
0,79,11.310684204101562,0.6609564423561096,2.6438257694244385,2.645876169204712,11.310677528381348,0.23374587440658234,0.9999978542327881,0.02330993488430977,0.9999985098838806,0.4541255831718445,0.4738026261329651,-0.05968917906284332,2.7723159790039062,1.9270009943284094e-07,0.0010903477668762207,2.0730658434331417e-07,0
0,80,11.310677528381348,0.6610569357872009,2.6442277431488037,2.6468441486358643,11.31067180633545,0.23378155168103487,0.9999985694885254,0.018990103155374527,0.9999984502792358,0.45378807187080383,0.4732230603694916,-0.059584878385066986,2.7723143100738525,2.8194335754960775e-08,0.0014565885066986084,1.2408418115228415e-07,2
0,81,11.31067180633545,0.6612418293952942,2.6449673175811768,2.646483898162842,11.310670852661133,0.23384705726318136,0.9999986290931702,0.018960965797305107,0.999998927116394,0.4520680010318756,0.47316569089889526,-0.0597836896777153,2.7723138332366943,2.025917638093233e-07,0.0013947486877441406,2.1047890186309814e-07,2
0,82,11.310670852661133,0.6616610288619995,2.646644115447998,2.645491361618042,11.310670852661133,0.23399532617690005,0.9999985098838806,0.019255753606557846,0.9999988079071045,0.4534528851509094,0.4736780822277069,-0.05952626094222069,2.772308826446533,1.1361498764017597e-07,0.001146957278251648,1.6749254427850246e-07,3
0,83,11.310670852661133,0.661973237991333,2.647892951965332,2.6450588703155518,11.3106689453125,0.23410573841801308,0.9999985694885254,0.01956312172114849,0.999998927116394,0.45200642943382263,0.472379207611084,-0.05939748138189316,2.7723095417022705,1.531898305984214e-07,0.0015717148780822754,2.432498149573803e-07,3
0,84,11.3106689453125,0.6611404418945312,2.644561767578125,2.645334243774414,11.310664176940918,0.23381126088692705,0.9999985694885254,0.019365539774298668,0.9999986886978149,0.45479848980903625,0.4724694490432739,-0.05834948271512985,2.772310733795166,1.0850999387912452e-07,0.0017710328102111816,6.004120223224163e-07,2
0,85,11.310664176940918,0.6616638898849487,2.646655559539795,2.6445271968841553,11.310664176940918,0.2339964760810014,0.9999982118606567,0.021584855392575264,0.9999986886978149,0.45327118039131165,0.4726012051105499,-0.05849021300673485,2.7723026275634766,2.0814695744775236e-07,0.002378299832344055,4.395551513880491e-07,3
0,86,11.310664176940918,0.6596388816833496,2.6385555267333984,2.6493141651153564,11.310665130615234,0.23328033486420974,0.9999537467956543,0.10878501087427139,0.9999983310699463,0.45365050435066223,0.4770117998123169,-0.05716998502612114,2.77231502532959,6.699920049868524e-07,0.012458130717277527,2.1262094378471375e-05,2
0,87,11.310665130615234,0.6587430238723755,2.634972095489502,2.651423692703247,11.310665130615234,0.232963496404581,0.9999706745147705,0.08671633899211884,0.9999613761901855,0.4533645510673523,0.476664662361145,-0.057448823004961014,2.7723147869110107,1.1525480658747256e-07,0.010100409388542175,1.4083227142691612e-05,3
0,88,11.310665130615234,0.6600334048271179,2.6401336193084717,2.6514134407043457,11.310672760009766,0.23341983772132627,0.9999808073043823,0.06990480422973633,0.9999760389328003,0.4532775282859802,0.4770144522190094,-0.057131197303533554,2.7723069190979004,2.6385896489955485e-07,0.007827475666999817,9.529991075396538e-06,1
0,89,11.310672760009766,0.6598785519599915,2.639514207839966,2.650486707687378,11.310680389404297,0.23336491682194924,0.9999860525131226,0.05948902666568756,0.999984860420227,0.45315754413604736,0.4768122732639313,-0.05705765634775162,2.7723050117492676,1.531225279904902e-08,0.0062467604875564575,6.304355338215828e-06,1
0,90,11.310680389404297,0.6602563261985779,2.6410253047943115,2.649324893951416,11.310688018798828,0.23349835853096784,0.999989926815033,0.05070949345827103,0.9999895095825195,0.4526761770248413,0.4765814542770386,-0.057554807513952255,2.7723052501678467,2.354590833419934e-08,0.005080476403236389,3.5945558920502663e-06,2
0,91,11.310688018798828,0.6591008305549622,2.6364033222198486,2.6485755443573,11.310690879821777,0.23308956253041707,0.9999918341636658,0.04578455910086632,0.9999924302101135,0.4519346356391907,0.47610780596733093,-0.05829789489507675,2.7723052501678467,1.3093813322484493e-07,0.0040035247802734375,2.2955937311053276e-06,1
0,92,11.310690879821777,0.6587709188461304,2.6350836753845215,2.647374153137207,11.31069564819336,0.23297283104832253,0.9999943971633911,0.037889327853918076,0.9999934434890747,0.4512118101119995,0.47626176476478577,-0.05846184864640236,2.7723045349121094,3.543163984431885e-09,0.00362434983253479,1.1632218956947327e-06,0
0,93,11.31069564819336,0.6591399312019348,2.6365597248077393,2.6458992958068848,11.310700416564941,0.2331032331533802,0.9999960660934448,0.03192276507616043,0.9999957084655762,0.4511961042881012,0.47612428665161133,-0.05897136405110359,2.7723047733306885,8.420556696364656e-09,0.0027139782905578613,5.103356670588255e-07,2
0,94,11.310700416564941,0.6597795486450195,2.639118194580078,2.6445937156677246,11.310708999633789,0.2333293339389479,0.999996542930603,0.02969175949692726,0.9999967813491821,0.44967061281204224,0.4753412902355194,-0.059093378484249115,2.772299289703369,2.568558556959033e-07,0.0014673471450805664,3.374007064849138e-07,2
0,95,11.310708999633789,0.6592229008674622,2.6368916034698486,2.6433722972869873,11.31071662902832,0.23313229997829704,0.9999974966049194,0.02509915642440319,0.9999977350234985,0.45154353976249695,0.4759502112865448,-0.0593072883784771,2.7722983360290527,1.465414243284613e-07,0.0023761093616485596,5.027468432672322e-07,0
0,96,11.31071662902832,0.6595885753631592,2.6383543014526367,2.6424663066864014,11.310722351074219,0.23326146237997408,0.9999980926513672,0.021954476833343506,0.9999983310699463,0.45113250613212585,0.47693830728530884,-0.059767212718725204,2.772303819656372,9.715586202219129e-08,0.0011136233806610107,3.6746496334671974e-07,3
0,97,11.310722351074219,0.6596031785011292,2.6384127140045166,2.6418426036834717,11.3107271194458,0.23326650872602644,0.9999985694885254,0.019410038366913795,0.9999988079071045,0.45094776153564453,0.47662553191185,-0.06025581434369087,2.772303581237793,-2.6275301934219897e-09,0.001490175724029541,3.647583071142435e-07,0
0,98,11.3107271194458,0.6596835255622864,2.6387341022491455,2.640355348587036,11.31072998046875,0.23329482484928318,0.999998152256012,0.021523911505937576,0.9999989867210388,0.4499683082103729,0.47568219900131226,-0.06048988178372383,2.77230167388916,1.188382157124579e-07,0.0017726123332977295,8.192728273570538e-07,0
0,99,11.31072998046875,0.6599047183990479,2.6396188735961914,2.6405029296875,11.31072998046875,0.23337298990907374,0.9999979734420776,0.022374054417014122,0.9999986290931702,0.4504891037940979,0.4760454297065735,-0.060587767511606216,2.7723047733306885,4.339885890658479e-07,0.0012267827987670898,2.1420419216156006e-07,2
0,100,11.31072998046875,0.6600358486175537,2.640143394470215,2.6404600143432617,11.310725212097168,0.2334193636510806,0.999997615814209,0.02459822967648506,0.9999985098838806,0.45021578669548035,0.4747711718082428,-0.06140454486012459,2.772313117980957,5.642941687256098e-07,0.002316102385520935,9.171490091830492e-07,2
0,101,11.310725212097168,0.6598386168479919,2.6393544673919678,2.640270948410034,11.310722351074219,0.23334971170275598,0.9999977350234985,0.024010634049773216,0.9999982714653015,0.45014598965644836,0.47475674748420715,-0.061469338834285736,2.7723116874694824,1.6118065104819834e-08,0.002360731363296509,7.431954145431519e-07,3
0,102,11.310722351074219,0.6596826314926147,2.638730525970459,2.6405935287475586,11.310720443725586,0.23329460701684093,0.9999948143959045,0.036515895277261734,0.9999983906745911,0.45098015666007996,0.4746411144733429,-0.06069742888212204,2.7722907066345215,2.8294743970036507e-06,0.0023827552795410156,8.959323167800903e-07,2
0,103,11.310720443725586,0.6604330539703369,2.6417322158813477,2.6411197185516357,11.31071662902832,0.23356003085964344,0.9999963045120239,0.030661871656775475,0.9999954700469971,0.4506849944591522,0.4736271798610687,-0.06121614947915077,2.7722954750061035,6.458431016653776e-07,0.0034309029579162598,1.084059476852417e-06,1
0,104,11.31071662902832,0.6601470708847046,2.6405882835388184,2.6410300731658936,11.310715675354004,0.2334589725961215,0.9999954700469971,0.034108396619558334,0.9999974370002747,0.45013344287872314,0.4733923077583313,-0.061128657311201096,2.7722973823547363,8.937713573686779e-07,0.0024973303079605103,5.927868187427521e-07,1
0,105,11.310715675354004,0.6600573062896729,2.6402292251586914,2.6414504051208496,11.310714721679688,0.23342724730599837,0.9999966025352478,0.02975228801369667,0.9999961853027344,0.45033329725265503,0.4738217890262604,-0.061066802591085434,2.7723052501678467,2.3384200176224113e-07,0.0020664334297180176,3.5547418519854546e-07,3
0,106,11.310714721679688,0.6601245999336243,2.640498399734497,2.6411402225494385,11.310711860656738,0.23345106518099612,0.9999976754188538,0.024418503046035767,0.9999971985816956,0.4504082500934601,0.473135769367218,-0.06097623333334923,2.77230167388916,7.015187293291092e-07,0.002263188362121582,4.893518052995205e-07,3
0,107,11.310711860656738,0.660149335861206,2.640597343444824,2.6422853469848633,11.310709953308105,0.23345987202007126,0.9999982714653015,0.021319912746548653,0.999998152256012,0.4509428143501282,0.4740867614746094,-0.06099154055118561,2.7722949981689453,5.789770511910319e-07,0.0011124908924102783,1.2443433661246672e-07,2
0,108,11.310709953308105,0.6606224775314331,2.6424899101257324,2.642326831817627,11.310707092285156,0.2336272365779187,0.9999983906745911,0.02010081708431244,0.9999988079071045,0.4489860534667969,0.4717404544353485,-0.06129875034093857,2.77230167388916,4.517351044341922e-07,0.0014476776123046875,1.9441358745098114e-07,2
0,109,11.310707092285156,0.6599514484405518,2.639805793762207,2.643294095993042,11.310705184936523,0.23338998810806216,0.9999972581863403,0.0267016738653183,0.9999986886978149,0.448978990316391,0.47217920422554016,-0.06129153072834015,2.7723047733306885,7.713606464676559e-07,0.0018761307001113892,7.447670213878155e-07,0
0,110,11.310705184936523,0.6611626744270325,2.64465069770813,2.644131898880005,11.310699462890625,0.233818374227475,0.9999974370002747,0.025362376123666763,0.9999974370002747,0.44977474212646484,0.47342589497566223,-0.06145250052213669,2.772305488586426,8.857095963321626e-07,0.0030962228775024414,1.3845856301486492e-06,0
0,111,11.310699462890625,0.6613320112228394,2.6453280448913574,2.6448497772216797,11.310697555541992,0.2338783780411139,0.9999968409538269,0.027841681614518166,0.9999982118606567,0.4501244127750397,0.47277939319610596,-0.06079762056469917,2.772301435470581,2.520282578188926e-07,0.0038783997297286987,1.6666599549353123e-06,2
0,112,11.310697555541992,0.6611286401748657,2.644514560699463,2.6454837322235107,11.31069564819336,0.23380649581631763,0.9999970197677612,0.02754124067723751,0.9999973177909851,0.4512174725532532,0.4730290472507477,-0.06043136864900589,2.7722973823547363,1.4611578080803156e-07,0.003974646329879761,2.20682704821229e-06,2
0,113,11.31069564819336,0.6609974503517151,2.6439898014068604,2.645887851715088,11.31069564819336,0.23376014028183853,0.9999972581863403,0.026985708624124527,0.9999973773956299,0.45168349146842957,0.4736991226673126,-0.059993576258420944,2.7723021507263184,2.4230757844634354e-07,0.0038784444332122803,2.0114239305257797e-06,0
0,114,11.31069564819336,0.6610687375068665,2.644274950027466,2.6462461948394775,11.31069564819336,0.23378535081083468,0.9999973177909851,0.026423374190926552,0.9999974966049194,0.4524063766002655,0.47392576932907104,-0.0598425529897213,2.772303581237793,4.07817424274981e-08,0.003225579857826233,1.8541468307375908e-06,2
0,115,11.31069564819336,0.6614540219306946,2.6458160877227783,2.6463687419891357,11.31069278717041,0.23392160571002463,0.9999969601631165,0.02826894260942936,0.9999978542327881,0.45351642370224,0.47466030716896057,-0.0595601461827755,2.772303581237793,5.1513779908418655e-09,0.002782300114631653,1.266365870833397e-06,3
0,116,11.31069278717041,0.6601758599281311,2.6407034397125244,2.6458308696746826,11.31069278717041,0.23346964588303948,0.9999962449073792,0.03113982453942299,0.9999975562095642,0.45327073335647583,0.47449520230293274,-0.059477534145116806,2.7723019123077393,1.8809078028425574e-07,0.002079188823699951,1.0098156053572893e-06,2
0,117,11.31069278717041,0.660710871219635,2.64284348487854,2.6459860801696777,11.310689926147461,0.23365885137259562,0.9999967813491821,0.02899778261780739,0.9999971985816956,0.4545290768146515,0.47481295466423035,-0.05880312994122505,2.772307872772217,1.6487683751620352e-07,0.0030253827571868896,1.1391239240765572e-06,2
0,118,11.310689926147461,0.6611570119857788,2.6446280479431152,2.6464147567749023,11.310687065124512,0.23381668715269105,0.9999967813491821,0.028793230652809143,0.9999975562095642,0.4551462233066559,0.4754484295845032,-0.05840139463543892,2.7723093032836914,1.5006662579253316e-10,0.00283987820148468,1.158914528787136e-06,1
0,119,11.310687065124512,0.6611838340759277,2.644735336303711,2.646866798400879,11.31068229675293,0.23382623187043297,0.9999964237213135,0.030089981853961945,0.9999973773956299,0.45592987537384033,0.47583457827568054,-0.058375727385282516,2.7723116874694824,3.029563231393695e-07,0.0016253143548965454,4.631874617189169e-07,3
0,120,11.31068229675293,0.6605895161628723,2.6423580646514893,2.6470489501953125,11.310681343078613,0.23361615111495593,0.9999963045120239,0.030492490157485008,0.9999977350234985,0.45596930384635925,0.47631701827049255,-0.058575041592121124,2.7722978591918945,6.540358299389482e-07,0.0016568303108215332,1.8041464500129223e-07,0
0,121,11.310681343078613,0.6603268384933472,2.6413073539733887,2.6470417976379395,11.310680389404297,0.23352327537630557,0.9999971389770508,0.026891877874732018,0.9999968409538269,0.45526620745658875,0.4753533601760864,-0.05895646661520004,2.772299289703369,1.9782419258262962e-07,0.001284778118133545,4.797948349732906e-07,1
0,122,11.310680389404297,0.6607585549354553,2.6430342197418213,2.646991729736328,11.310678482055664,0.23367597074158178,0.9999971985816956,0.02656238153576851,0.9999973773956299,0.45519891381263733,0.47586262226104736,-0.059373434633016586,2.77231502532959,2.31472949963063e-06,0.0021812915802001953,9.766372386366129e-07,0
0,123,11.310678482055664,0.6610729694366455,2.644291877746582,2.646982431411743,11.310676574707031,0.23378720223917054,0.9999975562095642,0.025012273341417313,0.9999974370002747,0.453744500875473,0.47493889927864075,-0.059515681117773056,2.7723183631896973,1.5232217265293002e-07,0.0020822733640670776,5.119218258187175e-07,0
0,124,11.310676574707031,0.6611756682395935,2.644702672958374,2.6473045349121094,11.310674667358398,0.2338235609063799,0.9999980926513672,0.021898070350289345,0.9999974966049194,0.4534120559692383,0.47427651286125183,-0.0593843050301075,2.7723169326782227,2.7157511794939637e-08,0.00138188898563385,1.7027923604473472e-07,1
0,125,11.310674667358398,0.6618402600288391,2.6473610401153564,2.6478545665740967,11.3106689453125,0.23405863204211902,0.9999982118606567,0.021198518574237823,0.9999979734420776,0.45434990525245667,0.47453027963638306,-0.058812983334064484,2.7723195552825928,2.370616130065173e-07,0.0009502172470092773,1.9471190171316266e-07,1
0,126,11.3106689453125,0.6615474224090576,2.6461896896362305,2.646815538406372,11.31066608428955,0.2339551888956042,0.9999979734420776,0.022690484300255775,0.9999986290931702,0.4536113739013672,0.47346732020378113,-0.058360934257507324,2.772320508956909,2.6356065063737333e-07,0.0012469291687011719,2.4968176148831844e-07,3
0,127,11.31066608428955,0.6619512438774109,2.6478049755096436,2.6467819213867188,11.310665130615234,0.2340980589275312,0.9999984502792358,0.019746674224734306,0.9999980926513672,0.45425212383270264,0.47466838359832764,-0.058586444705724716,2.7723119258880615,4.894391167908907e-07,0.0011993050575256348,8.294591680169106e-09,0
0,128,11.310665130615234,0.662826657295227,2.651306629180908,2.6457626819610596,11.31065845489502,0.23440766732669527,0.9999974966049194,0.02480003982782364,0.9999986290931702,0.4544471800327301,0.4744201600551605,-0.058108340948820114,2.772305488586426,2.538017724873498e-07,0.0020310431718826294,2.8620706871151924e-07,3
0,129,11.31065845489502,0.6626243591308594,2.6504974365234375,2.645083427429199,11.31065559387207,0.23433626318867024,0.999998152256012,0.021876171231269836,0.9999978542327881,0.45526745915412903,0.47435444593429565,-0.05759977549314499,2.772305727005005,1.0973963071592152e-08,0.002543836832046509,6.417103577405214e-07,2
0,130,11.31065559387207,0.6616238951683044,2.6464955806732178,2.6463844776153564,11.310651779174805,0.2339825095644364,0.9999972581863403,0.02678327076137066,0.9999982118606567,0.456534206867218,0.4730105698108673,-0.056355152279138565,2.7722973823547363,2.199536538682878e-06,0.0025027096271514893,5.750043783336878e-07,0
1,0,0.0,0.6599370837211609,2.6397483348846436,2.6835858821868896,11.308902740478516,2639748334.8846436,nan,nan,nan,0.4527873396873474,0.476523220539093,-0.05681651458144188,2.7725870609283447,nan,nan,nan,0
1,1,11.308902740478516,0.6600756645202637,2.6403026580810547,2.7092127799987793,11.309282302856445,0.23347116149743588,0.98480224609375,1.9716657400131226,0.1907976269721985,0.45238056778907776,0.4753279983997345,-0.05708610266447067,2.772289752960205,7.475255551980808e-05,0.04478398710489273,0.0005605621263384819,2
1,2,11.309282302856445,0.6601593494415283,2.6406373977661133,2.6971263885498047,11.309585571289062,0.23349292440061856,0.9917412996292114,1.453486680984497,0.9816766977310181,0.45232638716697693,0.4754505753517151,-0.05701430141925812,2.772329330444336,4.0923841879703104e-06,0.03338891267776489,0.00010021287016570568,2
1,3,11.309585571289062,0.6599990129470825,2.63999605178833,2.6743969917297363,11.309820175170898,0.2334299550719456,0.9955397248268127,1.0681805610656738,0.9906573295593262,0.4522126615047455,0.47525158524513245,-0.05691581591963768,2.7723569869995117,3.0093870009295642e-06,0.03436528518795967,3.425608156248927e-05,2
1,4,11.309820175170898,0.6603896021842957,2.6415584087371826,2.6527137756347656,11.310001373291016,0.2335632545720177,0.9975317120552063,0.7946348786354065,0.9951914548873901,0.4517196714878082,0.47502079606056213,-0.057385798543691635,2.772367477416992,1.9371145754121244e-06,0.036641478538513184,5.2995746955275536e-05,1
1,5,11.310001373291016,0.6604662537574768,2.6418650150299072,2.6364078521728516,11.31014633178711,0.2335866219493809,0.9985713958740234,0.6045423150062561,0.9974190592765808,0.4509878158569336,0.475738525390625,-0.05780581012368202,2.772364377975464,1.4796314644627273e-06,0.034308403730392456,6.082747131586075e-05,3
1,6,11.31014633178711,0.6593061089515686,2.6372244358062744,2.6247284412384033,11.310263633728027,0.23317332582995576,0.9991276264190674,0.47242048382759094,0.9985388517379761,0.44994285702705383,0.47485587000846863,-0.05772067978978157,2.7723610401153564,6.693771865684539e-07,0.03225889429450035,6.753741763532162e-05,1
1,7,11.310263633728027,0.6596579551696777,2.638631820678711,2.6176798343658447,11.310358047485352,0.23329534183536796,0.9994502067565918,0.3750835657119751,0.9991207718849182,0.44988515973091125,0.47467881441116333,-0.05829045921564102,2.7723541259765625,4.4552507461048663e-07,0.02757313847541809,5.0564296543598175e-05,1
1,8,11.310358047485352,0.659562349319458,2.638249397277832,2.614745855331421,11.310437202453613,0.2332595826057335,0.9996398687362671,0.3035814166069031,0.9994474649429321,0.44996750354766846,0.4743364453315735,-0.05865286663174629,2.772346019744873,3.540517354849726e-07,0.02271956205368042,3.241247031837702e-05,1
1,9,11.310437202453613,0.6592413783073425,2.63696551322937,2.614309787750244,11.310503005981445,0.23314443695044113,0.999753475189209,0.2511805295944214,0.9996382594108582,0.4504837691783905,0.47442448139190674,-0.05904447287321091,2.772338628768921,1.835869625210762e-07,0.019197791814804077,2.1093874238431454e-05,3
1,10,11.310503005981445,0.6591333746910095,2.636533498764038,2.6161818504333496,11.310554504394531,0.23310488466956192,0.9998300671577454,0.20851770043373108,0.9997549057006836,0.44999662041664124,0.47492071986198425,-0.059562016278505325,2.7723326683044434,5.761794454883784e-07,0.01525038480758667,9.611598215997219e-06,2
1,11,11.310554504394531,0.6591742634773254,2.6366970539093018,2.6177237033843994,11.310598373413086,0.23311828371322169,0.999874472618103,0.17920814454555511,0.9998337626457214,0.4499705731868744,0.4743143618106842,-0.05979990214109421,2.7723212242126465,1.4714350982103497e-07,0.011778831481933594,7.328926585614681e-06,3
1,12,11.310598373413086,0.6594864130020142,2.6379456520080566,2.6204466819763184,11.310628890991211,0.23322777141560108,0.9999126195907593,0.149526447057724,0.9998779296875,0.44968125224113464,0.4745575487613678,-0.06058906018733978,2.772319793701172,2.4370092432945967e-07,0.008336454629898071,2.0104344002902508e-06,2
1,13,11.310628890991211,0.6592773795127869,2.6371095180511475,2.6218698024749756,11.310656547546387,0.23315321751486123,0.9999338388442993,0.13024042546749115,0.9999156594276428,0.4496596157550812,0.47397691011428833,-0.060779038816690445,2.772310495376587,1.6629928722977638e-07,0.006417751312255859,2.074462827295065e-06,1
1,14,11.310656547546387,0.6590723991394043,2.636289596557617,2.6235666275024414,11.310678482055664,0.23308015635303733,0.9999510049819946,0.11189831048250198,0.9999363422393799,0.4495091140270233,0.4739071726799011,-0.06097768247127533,2.772305965423584,5.247079570835922e-08,0.004948526620864868,1.0891817510128021e-06,3
1,15,11.310678482055664,0.6593365669250488,2.6373462677001953,2.6263034343719482,11.310689926147461,0.2331731267831839,0.9999635219573975,0.09655160456895828,0.9999535083770752,0.4493408203125,0.47445499897003174,-0.061297133564949036,2.7723069190979004,2.071647031698376e-07,0.0036006569862365723,6.773043423891068e-07,0
1,16,11.310689926147461,0.6597583889961243,2.639033555984497,2.627483367919922,11.310701370239258,0.2333220672846594,0.9999714493751526,0.08543095737695694,0.9999667406082153,0.4490143358707428,0.475067675113678,-0.06148036941885948,2.772294521331787,4.3283216655254364e-07,0.0030938684940338135,2.3160828277468681e-07,2
1,17,11.310701370239258,0.6602036356925964,2.6408145427703857,2.629373550415039,11.310709953308105,0.23347929154233554,0.9999775886535645,0.07565020769834518,0.9999746084213257,0.4478771984577179,0.4753749668598175,-0.061504341661930084,2.772305488586426,3.233953975723125e-07,0.001782640814781189,5.210749804973602e-07,1
1,18,11.310709953308105,0.6599070429801941,2.6396281719207764,2.631211042404175,11.310712814331055,0.23337422520933354,0.9999843239784241,0.06333106756210327,0.9999810457229614,0.4496670365333557,0.47435683012008667,-0.061340078711509705,2.772306203842163,5.050605977885425e-07,0.0025382637977600098,9.25589120015502e-07,0
1,19,11.310712814331055,0.6599029302597046,2.6396117210388184,2.633244514465332,11.310715675354004,0.23337271172638574,0.9999871253967285,0.05743212625384331,0.999984860420227,0.44827887415885925,0.47525325417518616,-0.061420608311891556,2.7723116874694824,1.8972423276863992e-07,0.0026174932718276978,1.1391093721613288e-06,3
1,20,11.310715675354004,0.6599888801574707,2.639955520629883,2.6345441341400146,11.31071662902832,0.23340304861365524,0.9999896287918091,0.05164780095219612,0.9999886751174927,0.44885748624801636,0.4741765260696411,-0.06163797900080681,2.77230167388916,4.748408173327334e-07,0.002182677388191223,1.6918056644499302e-07,2
1,21,11.31071662902832,0.6603675484657288,2.641470193862915,2.6367411613464355,11.310715675354004,0.2335369438116529,0.9999916553497314,0.0461045503616333,0.9999897480010986,0.446780800819397,0.473707377910614,-0.0617666095495224,2.772310256958008,3.118511813227087e-07,0.0019872039556503296,7.845956133678555e-07,0
1,22,11.310715675354004,0.6602329611778259,2.6409318447113037,2.63815975189209,11.310715675354004,0.23348936711987922,0.9999932646751404,0.04145912826061249,0.9999929666519165,0.4485471546649933,0.4750926196575165,-0.06149006634950638,2.772296905517578,7.113412721082568e-07,0.001497805118560791,4.3076579459011555e-07,1
1,23,11.310715675354004,0.6606824398040771,2.6427297592163086,2.638855457305908,11.310713768005371,0.23364832386113324,0.9999940395355225,0.03922485560178757,0.9999935030937195,0.4466853439807892,0.4751151204109192,-0.06157972663640976,2.7723047733306885,6.743648555129766e-07,0.0013755261898040771,6.439368007704616e-07,0
1,24,11.310713768005371,0.660906970500946,2.643627882003784,2.639826774597168,11.310711860656738,0.2337277678692407,0.999995231628418,0.035291314125061035,0.999995231628418,0.449250727891922,0.4755208194255829,-0.0612931065261364,2.7722926139831543,7.060807547532022e-07,0.0021761655807495117,9.915675036609173e-07,3
1,25,11.310711860656738,0.6599528193473816,2.6398112773895264,2.6410257816314697,11.310710906982422,0.2333903745326468,0.9999951720237732,0.0352991446852684,0.9999958872795105,0.4486798048019409,0.47462254762649536,-0.060907404869794846,2.7723028659820557,8.127608452923596e-07,0.001744389533996582,9.366631275042892e-07,2
1,26,11.310710906982422,0.660581648349762,2.642326593399048,2.6414594650268555,11.310708999633789,0.23361277775810405,0.9999957084655762,0.03303778916597366,0.9999953508377075,0.4505918323993683,0.47622743248939514,-0.06069730222225189,2.772294044494629,8.364877430722117e-07,0.0019764602184295654,6.881891749799252e-07,1
1,27,11.310708999633789,0.6604048013687134,2.6416192054748535,2.6418509483337402,11.310708045959473,0.23355027572191825,0.999995231628418,0.03495320677757263,0.9999967217445374,0.4493701756000519,0.4752824008464813,-0.06061095371842384,2.772308111190796,6.685768312308937e-07,0.0017950236797332764,9.40344762057066e-07,3
1,28,11.310708045959473,0.6605753302574158,2.642301321029663,2.6416015625,11.310702323913574,0.2336106024744908,0.9999946355819702,0.03706270083785057,0.9999966025352478,0.4517568051815033,0.4756161868572235,-0.06053001061081886,2.7722995281219482,2.6465204427950084e-07,0.002191603183746338,8.376955520361662e-07,0
1,29,11.310702323913574,0.6599089503288269,2.6396358013153076,2.6423499584198,11.310699462890625,0.23337505715577678,0.9999958276748657,0.0326416902244091,0.9999954700469971,0.4508652687072754,0.47533804178237915,-0.06017845496535301,2.7723145484924316,5.275160219753161e-07,0.0013970434665679932,3.943569026887417e-07,2
1,30,11.310699462890625,0.660302996635437,2.641211986541748,2.6426494121551514,11.310696601867676,0.23351446965833758,0.9999960064888,0.03193381428718567,0.9999966025352478,0.45298951864242554,0.4768179655075073,-0.060101915150880814,2.7723026275634766,7.640337571501732e-07,0.0011812150478363037,3.635213943198323e-07,0
1,31,11.310696601867676,0.6603475213050842,2.641390085220337,2.642221689224243,11.31069278717041,0.23353027476523225,0.9999953508377075,0.03429453819990158,0.9999975562095642,0.4525788724422455,0.4750366806983948,-0.0599815733730793,2.772310256958008,1.8036371329799294e-07,0.0018463581800460815,5.276233423501253e-07,2
1,32,11.31069278717041,0.6606166958808899,2.6424667835235596,2.642606735229492,11.310689926147461,0.2336255464847281,0.9999961853027344,0.03107556886970997,0.9999962449073792,0.4538792371749878,0.4758988618850708,-0.059797145426273346,2.772312879562378,2.940432750619948e-07,0.0018492788076400757,5.032052285969257e-07,1
1,33,11.310689926147461,0.660938024520874,2.643752098083496,2.6432301998138428,11.310686111450195,0.2337392427292882,0.9999969005584717,0.028300616890192032,0.9999971389770508,0.45159289240837097,0.47571995854377747,-0.059519097208976746,2.772313356399536,2.3612665245309472e-07,0.001080736517906189,1.0532676242291927e-07,2
1,34,11.310686111450195,0.6609570980072021,2.6438283920288086,2.643953800201416,11.310683250427246,0.2337460668590538,0.9999974966049194,0.025364547967910767,0.999997615814209,0.45180070400238037,0.47544732689857483,-0.059546392410993576,2.7723135948181152,1.7101046978496015e-07,0.0008141696453094482,7.578637450933456e-08,2
1,35,11.310683250427246,0.6609352231025696,2.6437408924102783,2.644810914993286,11.31067943572998,0.23373838996953739,0.9999980330467224,0.022679317742586136,0.9999980330467224,0.451861709356308,0.4743717908859253,-0.05962977185845375,2.7723147869110107,4.7839421313256025e-09,0.0009934306144714355,1.500447979196906e-07,1
1,36,11.31067943572998,0.6620983481407166,2.648393392562866,2.6455678939819336,11.310677528381348,0.234149805731095,0.999997615814209,0.024938266724348068,0.9999982714653015,0.4535646438598633,0.47294825315475464,-0.05963898450136185,2.7723188400268555,1.636444721953012e-07,0.0015638470649719238,4.5011984184384346e-07,1
1,37,11.310677528381348,0.6623423099517822,2.649369239807129,2.6466615200042725,11.310673713684082,0.23423612185558224,0.9999983906745911,0.019559968262910843,0.9999979734420776,0.4529031217098236,0.4727362394332886,-0.05983247607946396,2.7723097801208496,3.2983371056616306e-07,0.0018284022808074951,3.724417183548212e-07,3
1,38,11.310673713684082,0.6609423160552979,2.6437692642211914,2.6466610431671143,11.310670852661133,0.23374109545947375,0.9999985098838806,0.018964501097798347,0.9999987483024597,0.4530576765537262,0.47184911370277405,-0.059563737362623215,2.7723169326782227,2.6476300263311714e-07,0.0011169910430908203,1.594453351572156e-07,3
1,39,11.310670852661133,0.6614096164703369,2.6456384658813477,2.6470324993133545,11.31066608428955,0.23390641460129588,0.999998927116394,0.017199091613292694,0.9999985694885254,0.45214515924453735,0.47187119722366333,-0.05979335680603981,2.7723166942596436,2.1978848963044584e-07,0.001979142427444458,3.104141796939075e-07,3
1,40,11.31066608428955,0.6620532274246216,2.6482129096984863,2.646352767944336,11.310662269592285,0.23413412525517296,0.9999980330467224,0.022100120782852173,0.9999990463256836,0.4526141583919525,0.4730543792247772,-0.058856021612882614,2.772298812866211,8.621864253655076e-07,0.0018219202756881714,4.0486338548362255e-07,3
1,41,11.310662269592285,0.6618679165840149,2.6474716663360596,2.6457808017730713,11.310660362243652,0.2340686692991933,0.9999984502792358,0.02037963457405567,0.9999980926513672,0.45345479249954224,0.4730328917503357,-0.05832389369606972,2.7723000049591064,1.6580997908022255e-08,0.002256348729133606,6.13450538367033e-07,2
1,42,11.310660362243652,0.661160945892334,2.644643783569336,2.6462273597717285,11.310657501220703,0.23381868952563334,0.9999985694885254,0.019490808248519897,0.9999983906745911,0.45369479060173035,0.47147348523139954,-0.058550477027893066,2.7723097801208496,5.660258466377854e-07,0.0012526512145996094,1.264270395040512e-07,0
1,43,11.310657501220703,0.6597555875778198,2.6390223503112793,2.6501145362854004,11.310660362243652,0.23332174544463596,0.9999523162841797,0.11042814701795578,0.9999985694885254,0.4531265199184418,0.4771859049797058,-0.05679653584957123,2.772315740585327,7.764301699353382e-07,0.01215924322605133,1.9823433831334114e-05,3
1,44,11.310660362243652,0.6591997742652893,2.6367990970611572,2.650904655456543,11.310664176940918,0.23312512378703462,0.9999692440032959,0.08879490941762924,0.9999594688415527,0.45247113704681396,0.4759889543056488,-0.056699611246585846,2.7723169326782227,2.8361682780086994e-07,0.009344339370727539,1.4844117686152458e-05,3
1,45,11.310664176940918,0.6592887043952942,2.6371548175811768,2.65116810798645,11.310669898986816,0.23315649517360365,0.9999792575836182,0.07282723486423492,0.9999756217002869,0.4522477984428406,0.47637099027633667,-0.05690894275903702,2.77231502532959,2.374144969508052e-07,0.008351743221282959,1.0190880857408047e-05,3
1,46,11.310669898986816,0.6593311429023743,2.637324571609497,2.6494460105895996,11.310677528381348,0.23317138552914027,0.9999859929084778,0.05976439639925957,0.9999831318855286,0.45202869176864624,0.4776207506656647,-0.05678776279091835,2.772296905517578,6.386035238392651e-07,0.005314677953720093,4.8746587708592415e-06,3
1,47,11.310677528381348,0.6597079634666443,2.638831853866577,2.647801637649536,11.310684204101562,0.23330449013731328,0.9999898076057434,0.05125685781240463,0.9999896287918091,0.45154228806495667,0.477369487285614,-0.05729714781045914,2.7722973823547363,2.9545844881795347e-08,0.004377737641334534,2.821441739797592e-06,0
1,48,11.310684204101562,0.6600655317306519,2.6402621269226074,2.646700382232666,11.310693740844727,0.2334308057124587,0.9999918937683105,0.045713040977716446,0.9999926090240479,0.45068392157554626,0.4755435883998871,-0.05787006393074989,2.7723076343536377,4.6970671974122524e-07,0.003827035427093506,1.7076381482183933e-06,2
1,49,11.310693740844727,0.6592420339584351,2.6369681358337402,2.644606351852417,11.310700416564941,0.23313938085965727,0.9999938011169434,0.03974626213312149,0.9999936819076538,0.4497968554496765,0.4763406217098236,-0.058155156672000885,2.7723045349121094,6.660775397904217e-08,0.004483014345169067,1.4977413229644299e-06,1
1,50,11.310700416564941,0.6595950126647949,2.6383800506591797,2.643927812576294,11.310705184936523,0.23326407326598217,0.9999951720237732,0.03523444011807442,0.9999958872795105,0.45001253485679626,0.47552064061164856,-0.05867943912744522,2.772310256958008,3.1066156225278974e-07,0.002384006977081299,7.261405698955059e-07,3
1,51,11.310705184936523,0.6597127318382263,2.6388509273529053,2.642535924911499,11.310710906982422,0.23330560599062372,0.9999969005584717,0.02830088511109352,0.9999958872795105,0.4500929117202759,0.47666463255882263,-0.05892226845026016,2.7722928524017334,6.543050403706729e-07,0.0016928911209106445,3.7971040001139045e-07,0
1,52,11.310710906982422,0.6596912145614624,2.6387648582458496,2.6416590213775635,11.31071949005127,0.2332978784398835,0.9999974966049194,0.025053465738892555,0.9999977946281433,0.4505816102027893,0.47521886229515076,-0.059274494647979736,2.772308826446533,3.745954018086195e-07,0.0015037059783935547,3.6387064028531313e-07,3
1,53,11.31071949005127,0.6596066951751709,2.6384267807006836,2.6406941413879395,11.310725212097168,0.2332678113909024,0.9999983310699463,0.020154988393187523,0.9999983310699463,0.45030391216278076,0.47547391057014465,-0.05949150025844574,2.772304058074951,7.91515049058944e-08,0.001437842845916748,5.432520993053913e-07,2
1,54,11.310725212097168,0.6591252684593201,2.6365010738372803,2.639329671859741,11.310729026794434,0.23309743843988548,0.9999983310699463,0.02087138034403324,0.999998927116394,0.449992299079895,0.47584661841392517,-0.06013151630759239,2.7723007202148438,7.939615898067132e-08,0.002262026071548462,1.032298314385116e-06,3
1,55,11.310729026794434,0.6599747538566589,2.6398990154266357,2.638800621032715,11.3107328414917,0.23339777738224252,0.9999986886978149,0.018645379692316055,0.9999986886978149,0.45002809166908264,0.47510984539985657,-0.060514625161886215,2.772304058074951,9.172072168439627e-08,0.0010576248168945312,2.5358167476952076e-07,2
1,56,11.3107328414917,0.6592158675193787,2.6368634700775146,2.6374523639678955,11.310733795166016,0.23312932124120048,0.9999982118606567,0.021762555465102196,0.999998927116394,0.44976964592933655,0.4755741357803345,-0.061026182025671005,2.7723004817962646,1.1086012818850577e-07,0.0018247812986373901,7.553608156740665e-07,2
1,57,11.310733795166016,0.6592479348182678,2.6369917392730713,2.6371800899505615,11.310736656188965,0.23314064206869314,0.999997615814209,0.024766573682427406,0.9999986290931702,0.44836321473121643,0.4760088622570038,-0.06104496866464615,2.7723069190979004,2.744636731222272e-07,0.0015227794647216797,3.5038101486861706e-07,3
1,58,11.310736656188965,0.6593250036239624,2.6373000144958496,2.6366522312164307,11.310736656188965,0.23316783819317216,0.9999974966049194,0.024851331487298012,0.9999982714653015,0.4496845304965973,0.4757443070411682,-0.061291348189115524,2.772299289703369,2.1366577129811049e-07,0.0018795281648635864,9.289360605180264e-07,3
1,59,11.310736656188965,0.6601911187171936,2.6407644748687744,2.6370489597320557,11.310735702514648,0.23347413657834667,0.9999978542327881,0.022939780727028847,0.9999980926513672,0.4494657516479492,0.47484782338142395,-0.061432816088199615,2.7722978591918945,1.3064254744676873e-07,0.0014531761407852173,2.1688174456357956e-07,0
1,60,11.310735702514648,0.6597031354904175,2.63881254196167,2.6366007328033447,11.310733795166016,0.2333015827940351,0.9999985098838806,0.020357128232717514,0.9999984502792358,0.44947272539138794,0.47542211413383484,-0.0614449717104435,2.772300958633423,1.4448960428126156e-07,0.0020605623722076416,8.149654604494572e-07,2
1,61,11.310733795166016,0.6595630049705505,2.638252019882202,2.6377437114715576,11.310733795166016,0.23325206548577238,0.9999978542327881,0.023601697757840157,0.9999985098838806,0.4489862620830536,0.476287305355072,-0.06124786660075188,2.772317886352539,4.695939423982054e-07,0.0016283094882965088,1.8434366211295128e-07,1
1,62,11.310733795166016,0.6595991849899292,2.638396739959717,2.637993335723877,11.310729026794434,0.23326486041845626,0.9999980926513672,0.02189251221716404,0.9999982118606567,0.45005595684051514,0.4754663407802582,-0.06136219948530197,2.772308349609375,2.664273779373616e-07,0.0011419057846069336,1.9517028704285622e-07,3
1,63,11.310729026794434,0.6604071855545044,2.6416287422180176,2.6389052867889404,11.3107271194458,0.2335507053488912,0.9999985694885254,0.018722953274846077,0.999998152256012,0.44932639598846436,0.47394034266471863,-0.0616334043443203,2.7723095417022705,1.5140722098294646e-07,0.0011072754859924316,1.3910175766795874e-07,1
1,64,11.3107271194458,0.6603262424468994,2.6413049697875977,2.6396849155426025,11.310723304748535,0.23352211947953133,0.9999984502792358,0.019448723644018173,0.9999988675117493,0.44870725274086,0.47450992465019226,-0.06178673729300499,2.772294521331787,3.9969381759874523e-07,0.0010205209255218506,4.5658089220523834e-07,0
1,65,11.310723304748535,0.6601622700691223,2.6406490802764893,2.6402554512023926,11.310721397399902,0.23346420994737588,0.9999985694885254,0.01932007260620594,0.9999987483024597,0.4484095275402069,0.47345224022865295,-0.06163780763745308,2.772307872772217,4.144094418734312e-07,0.00129660964012146,3.436871338635683e-07,1
1,66,11.310721397399902,0.6606670618057251,2.6426682472229004,2.6399714946746826,11.310718536376953,0.23364276728011305,0.9999979138374329,0.02317098155617714,0.999998927116394,0.4486478567123413,0.47594770789146423,-0.06158846244215965,2.7722883224487305,5.313049769029021e-07,0.002584904432296753,1.2950040400028229e-06,3
1,67,11.310718536376953,0.6606249213218689,2.6424996852874756,2.640216112136841,11.310714721679688,0.23362792353012796,0.999997615814209,0.023866012692451477,0.9999982118606567,0.44927528500556946,0.47533485293388367,-0.06138886511325836,2.7722880840301514,2.0276274881325662e-08,0.002238631248474121,1.1964875739067793e-06,2
1,68,11.310714721679688,0.6599876880645752,2.639950752258301,2.641472578048706,11.310708999633789,0.23340264671322708,0.9999972581863403,0.026154713705182076,0.9999983906745911,0.4498418867588043,0.47391244769096375,-0.06141117587685585,2.772305965423584,5.017936928197742e-07,0.0019035041332244873,8.006754796952009e-07,2
1,69,11.310708999633789,0.6600432991981506,2.6401731967926025,2.64131498336792,11.310708045959473,0.23342243150965022,0.9999970197677612,0.027574116364121437,0.9999980330467224,0.45094776153564453,0.47407016158103943,-0.06080532819032669,2.772305965423584,2.5930603442247957e-07,0.0024158209562301636,7.622584234923124e-07,3
1,70,11.310708045959473,0.6599535942077637,2.6398143768310547,2.6422853469848633,11.310705184936523,0.233390727274061,0.9999974370002747,0.02570193260908127,0.9999974370002747,0.4508919417858124,0.4744560122489929,-0.0610053576529026,2.772310495376587,2.3353641154244542e-07,0.0021042823791503906,9.492505341768265e-07,0
1,71,11.310705184936523,0.6605091094970703,2.6420364379882812,2.641497850418091,11.310702323913574,0.23358724277482867,0.9999961853027344,0.031331032514572144,0.9999980926513672,0.4522720277309418,0.47628697752952576,-0.060410089790821075,2.7723031044006348,4.0728627936914563e-07,0.002582147717475891,1.1317315511405468e-06,2
1,72,11.310702323913574,0.6603392362594604,2.641356945037842,2.641517400741577,11.310701370239258,0.23352722663855904,0.9999957084655762,0.03304732218384743,0.9999968409538269,0.45105060935020447,0.47601982951164246,-0.060090161859989166,2.77231502532959,4.6410241338890046e-07,0.003003537654876709,9.490177035331726e-07,1
1,73,11.310701370239258,0.6598016619682312,2.639206647872925,2.6416280269622803,11.310699462890625,0.23333713458452815,0.9999966025352478,0.02937648817896843,0.9999968409538269,0.45352745056152344,0.4747139513492584,-0.06008422374725342,2.772310733795166,4.118264769203961e-07,0.001557469367980957,3.7412974052131176e-07,3
1,74,11.310699462890625,0.6600545048713684,2.6402180194854736,2.642915964126587,11.310693740844727,0.23342659118012893,0.9999966025352478,0.029352951794862747,0.9999974966049194,0.45318710803985596,0.4754747450351715,-0.06000113487243652,2.77231502532959,1.845983206294477e-07,0.0018627643585205078,8.71601514518261e-07,0
1,75,11.310693740844727,0.6604429483413696,2.6417717933654785,2.642524003982544,11.310689926147461,0.23356408138128765,0.9999961853027344,0.03139045089483261,0.9999975562095642,0.4542151093482971,0.4769902527332306,-0.059316039085388184,2.7723114490509033,1.450425770599395e-07,0.002762213349342346,1.0307994671165943e-06,3
1,76,11.310689926147461,0.6611230373382568,2.6444921493530273,2.6430084705352783,11.310688018798828,0.23380467209516803,0.9999968409538269,0.028895217925310135,0.9999967813491821,0.4538602828979492,0.4753311574459076,-0.05951652303338051,2.7723145484924316,1.1531119525898248e-07,0.0021489858627319336,4.0425220504403114e-07,1
1,77,11.310688018798828,0.6609911918640137,2.6439647674560547,2.643144130706787,11.310685157775879,0.23375808465954295,0.9999973177909851,0.026064231991767883,0.9999975562095642,0.4542175829410553,0.47646966576576233,-0.05945907533168793,2.7722997665405273,5.986803444102407e-07,0.0016547143459320068,1.5358091332018375e-07,1
1,78,11.310685157775879,0.6609594821929932,2.6438379287719727,2.6435768604278564,11.310681343078613,0.23374692972992753,0.9999979138374329,0.022598152980208397,0.9999978542327881,0.45426419377326965,0.47540074586868286,-0.05958997458219528,2.772301197052002,5.516312739928253e-09,0.0015737414360046387,2.1381129045039415e-07,3
1,79,11.310681343078613,0.6615068316459656,2.6460273265838623,2.644113540649414,11.310677528381348,0.2339405776118921,0.9999985098838806,0.019038435071706772,0.9999982714653015,0.4536544680595398,0.47512975335121155,-0.05954054370522499,2.7723052501678467,1.055104803526774e-07,0.0014541447162628174,3.6539859138429165e-08,3
1,80,11.310677528381348,0.661647617816925,2.6465904712677,2.6447765827178955,11.31067180633545,0.23399044527851987,0.9999986886978149,0.01826954260468483,0.9999988079071045,0.4533044397830963,0.47458451986312866,-0.05940471589565277,2.7723045349121094,1.2136297300457954e-08,0.002013653516769409,3.259920049458742e-07,2
1,81,11.31067180633545,0.66068434715271,2.64273738861084,2.646008014678955,11.310667991638184,0.23364990460872206,0.9999987483024597,0.01731501705944538,0.9999988079071045,0.4530564844608307,0.47259044647216797,-0.059802524745464325,2.7723212242126465,9.587747626937926e-07,0.0014303326606750488,1.859152689576149e-07,2
1,82,11.310667991638184,0.6615164875984192,2.6460659503936768,2.6452391147613525,11.310667037963867,0.23394426857457717,0.9999986886978149,0.0179697647690773,0.999998927116394,0.4532965123653412,0.47257933020591736,-0.05936731770634651,2.772317409515381,1.7443744582124054e-07,0.0014562904834747314,3.9809674490243196e-07,0
1,83,11.310667037963867,0.6617928147315979,2.6471712589263916,2.644988775253296,11.310667037963867,0.23404201096551175,0.9999971985816956,0.026664024218916893,0.9999988079071045,0.4520913362503052,0.4734211266040802,-0.05861108750104904,2.77232027053833,2.593951649032533e-07,0.0029377341270446777,3.102468326687813e-07,3
1,84,11.310667037963867,0.6613829135894775,2.64553165435791,2.6442153453826904,11.310665130615234,0.23389705005710748,0.9999980926513672,0.021860424429178238,0.9999977350234985,0.4544225335121155,0.47313687205314636,-0.058130159974098206,2.7723121643066406,3.400346031412482e-07,0.0022486895322799683,8.805072866380215e-07,3
1,85,11.310665130615234,0.6617093086242676,2.6468372344970703,2.644085645675659,11.310665130615234,0.23401251862127206,0.9999980926513672,0.021576832979917526,0.9999983310699463,0.45460453629493713,0.47260576486587524,-0.057764019817113876,2.772308349609375,1.3335557014215738e-07,0.0017537921667099,3.980821929872036e-07,0
1,86,11.310665130615234,0.6596411466598511,2.6385645866394043,2.6491177082061768,11.310665130615234,0.2332811162004477,0.9999518990516663,0.11088121682405472,0.9999986886978149,0.45365050435066223,0.4770117998123169,-0.05716998502612114,2.7723164558410645,4.1048406274057925e-07,0.012860283255577087,2.2913329303264618e-05,0
1,87,11.310665130615234,0.6598913669586182,2.6395654678344727,2.6506764888763428,11.310669898986816,0.23336960623914216,0.9999707937240601,0.08638380467891693,0.9999602437019348,0.45321714878082275,0.475795179605484,-0.05745972320437431,2.772317886352539,2.890374162234366e-07,0.010184094309806824,1.5163328498601913e-05,2
1,88,11.310669898986816,0.6599883437156677,2.639953374862671,2.650467872619629,11.310675621032715,0.23340380352707066,0.9999802112579346,0.07094844430685043,0.9999756813049316,0.45316651463508606,0.4759284257888794,-0.0573706179857254,2.7723147869110107,1.1022348189726472e-07,0.008064761757850647,1.0457588359713554e-05,0
1,89,11.310675621032715,0.6592639684677124,2.6370558738708496,2.6495563983917236,11.31068229675293,0.23314751145078588,0.9999849200248718,0.062065087258815765,0.9999840259552002,0.45064640045166016,0.4769287705421448,-0.05719960480928421,2.7723116874694824,7.045309757813811e-08,0.00561387836933136,5.527166649699211e-06,2
1,90,11.31068229675293,0.6596493721008301,2.6385974884033203,2.648594379425049,11.310689926147461,0.2332836710620728,0.9999890327453613,0.05297064036130905,0.9999887943267822,0.4502096176147461,0.47672805190086365,-0.05761854723095894,2.7723119258880615,2.4252585717476904e-08,0.004655569791793823,3.1670788303017616e-06,2
1,91,11.310689926147461,0.6597160696983337,2.638864278793335,2.6478822231292725,11.31069564819336,0.2333071011603763,0.9999919533729553,0.04533206298947334,0.9999920129776001,0.4494301378726959,0.4764588177204132,-0.058099545538425446,2.7723073959350586,3.0930095817893744e-08,0.0033526718616485596,1.4374381862580776e-06,0
1,92,11.31069564819336,0.6592790484428406,2.6371161937713623,2.6464102268218994,11.31070327758789,0.2331524316271904,0.9999940395355225,0.038791537284851074,0.9999942779541016,0.45093250274658203,0.47589173913002014,-0.05835544317960739,2.7723076343536377,1.457447069697082e-07,0.0024707913398742676,6.244808901101351e-07,1
1,93,11.31070327758789,0.6597856283187866,2.6391425132751465,2.6451363563537598,11.310709953308105,0.2333314249790812,0.9999955892562866,0.03332638740539551,0.9999959468841553,0.44872602820396423,0.47648271918296814,-0.05871244892477989,2.7723073959350586,1.0432268027216196e-07,0.002716064453125,4.886242095381021e-07,0
1,94,11.310709953308105,0.6595535278320312,2.638214111328125,2.6440083980560303,11.310714721679688,0.23324920559531384,0.9999969601631165,0.02769406884908676,0.9999967813491821,0.45099666714668274,0.4754106402397156,-0.059226877987384796,2.772306442260742,1.1575320968404412e-07,0.0009899139404296875,3.052264219149947e-08,0
1,95,11.310714721679688,0.659432053565979,2.637728214263916,2.643235683441162,11.310720443725586,0.23320614825587277,0.9999979138374329,0.022785114124417305,0.9999977350234985,0.45060670375823975,0.4757434129714966,-0.05941731855273247,2.772308588027954,2.909218892455101e-07,0.0017176270484924316,4.1899329517036676e-07,1
1,96,11.310720443725586,0.6591673493385315,2.636669397354126,2.6421775817871094,11.310724258422852,0.2331124184770007,0.9999985098838806,0.01943335123360157,0.9999985098838806,0.45127543807029724,0.4757936894893646,-0.05980706959962845,2.772303581237793,3.45182343153283e-07,0.0013874322175979614,5.231413524597883e-07,3
1,97,11.310724258422852,0.6591334342956543,2.636533737182617,2.640825033187866,11.31072998046875,0.23310034591456402,0.9999982118606567,0.02134324610233307,0.999998927116394,0.45021551847457886,0.47489920258522034,-0.060314808040857315,2.77230167388916,1.5265322872437537e-07,0.0013050436973571777,4.3660111259669065e-07,2
1,98,11.31072998046875,0.6595328450202942,2.6381313800811768,2.6401658058166504,11.310730934143066,0.23324147819253704,0.999998927116394,0.01667035184800625,0.9999986886978149,0.4510435163974762,0.4754883944988251,-0.06080390140414238,2.772303581237793,1.817898009903729e-07,0.0012857764959335327,4.1557359509170055e-07,1
1,99,11.310730934143066,0.6593984365463257,2.6375937461853027,2.6397197246551514,11.310733795166016,0.23319392544502557,0.9999984502792358,0.01925334334373474,0.9999992251396179,0.4486377537250519,0.4758475124835968,-0.06103334575891495,2.77230167388916,1.8734499462880194e-07,0.001661926507949829,4.969188012182713e-07,1
1,100,11.310733795166016,0.6597575545310974,2.6390302181243896,2.6392428874969482,11.310733795166016,0.23332086723252732,0.9999977350234985,0.023878570646047592,0.9999989867210388,0.4508720338344574,0.4746221601963043,-0.06133101508021355,2.772301197052002,8.439383236691356e-08,0.0009677708148956299,2.564629539847374e-07,0
1,101,11.310733795166016,0.6595008969306946,2.6380035877227783,2.6390600204467773,11.310734748840332,0.23323010120264778,0.9999980926513672,0.02198878861963749,0.9999982714653015,0.44850999116897583,0.4759708046913147,-0.06134771555662155,2.7723007202148438,7.558446668554097e-08,0.0019330978393554688,8.264032658189535e-07,0
1,102,11.310734748840332,0.6597581505775452,2.6390326023101807,2.6387362480163574,11.3107328414917,0.2333210583495255,0.9999980330467224,0.022342072799801826,0.9999985694885254,0.4505709409713745,0.47533276677131653,-0.06158234924077988,2.7722973823547363,1.5374280337709934e-07,0.0022852569818496704,6.629270501434803e-07,0
1,103,11.3107328414917,0.6601513028144836,2.6406052112579346,2.6387736797332764,11.310730934143066,0.23346013456981998,0.9999978542327881,0.023283841088414192,0.9999985098838806,0.44980552792549133,0.47534942626953125,-0.06153188645839691,2.7723026275634766,3.4450567909516394e-07,0.0011199414730072021,1.554435584694147e-07,2
1,104,11.310730934143066,0.6596692800521851,2.6386771202087402,2.6390957832336426,11.31072998046875,0.23328970829316736,0.9999973773956299,0.025853388011455536,0.9999984502792358,0.4501977264881134,0.4764426648616791,-0.06115026772022247,2.772318124771118,3.1254967325367033e-07,0.0021419525146484375,7.910421118140221e-07,0
1,105,11.31072998046875,0.6594612002372742,2.6378448009490967,2.639838218688965,11.310728073120117,0.23321614126622237,0.9999980926513672,0.022298982366919518,0.9999975562095642,0.4504215121269226,0.4759265184402466,-0.061080630868673325,2.7723188400268555,1.6661942936480045e-08,0.001389920711517334,6.758928066119552e-07,3
1,106,11.310728073120117,0.6601598262786865,2.640639305114746,2.640583038330078,11.310726165771484,0.2334632472855758,0.9999985694885254,0.019182113930583,0.9999980926513672,0.44946542382240295,0.47460678219795227,-0.06163546070456505,2.7723093032836914,1.7842830857262015e-07,0.0006943345069885254,1.97462213691324e-07,0
1,107,11.310726165771484,0.6603813171386719,2.6415252685546875,2.641263008117676,11.310721397399902,0.23354161614737615,0.9999982118606567,0.021013500168919563,0.9999987483024597,0.4494112432003021,0.47359922528266907,-0.061906591057777405,2.7723031044006348,1.207263267133385e-07,0.0010547637939453125,2.1715823095291853e-07,1
1,108,11.310721397399902,0.6598991751670837,2.639596700668335,2.641817092895508,11.31071949005127,0.23337120665664374,0.9999987483024597,0.017979349941015244,0.9999985098838806,0.44848155975341797,0.47414740920066833,-0.06172206625342369,2.7723073959350586,1.8010541680268943e-07,0.0013344287872314453,3.2351817935705185e-07,0
1,109,11.31071949005127,0.6607329249382019,2.6429316997528076,2.6415152549743652,11.310715675354004,0.23366609896722207,0.9999977350234985,0.024053415283560753,0.9999988079071045,0.44938379526138306,0.4751576781272888,-0.061635684221982956,2.7722971439361572,2.2537824406754225e-07,0.0022383034229278564,1.141539542004466e-06,0
1,110,11.310715675354004,0.6607351303100586,2.6429405212402344,2.6417455673217773,11.310713768005371,0.23366695769739745,0.9999967813491821,0.028574271127581596,0.9999982118606567,0.4498431980609894,0.4753333032131195,-0.060918234288692474,2.772303581237793,1.2806958693545312e-07,0.002560719847679138,8.620554581284523e-07,1
1,111,11.310713768005371,0.660504937171936,2.642019748687744,2.642017126083374,11.310710906982422,0.23358558998824888,0.9999973773956299,0.025625167414546013,0.9999977350234985,0.45102670788764954,0.4748322665691376,-0.06103609502315521,2.772292137145996,2.5927329261321574e-07,0.0026122629642486572,1.5589757822453976e-06,1
1,112,11.310710906982422,0.6602587699890137,2.6410350799560547,2.6425087451934814,11.310708999633789,0.2334985927653468,0.9999972581863403,0.026137417182326317,0.9999982118606567,0.45056113600730896,0.4753699004650116,-0.06085200235247612,2.7723042964935303,3.652821760624647e-07,0.0019826292991638184,1.0039657354354858e-06,3
1,113,11.310708999633789,0.6598145365715027,2.6392581462860107,2.6426806449890137,11.310708045959473,0.23334153025875415,0.9999974966049194,0.02498793601989746,0.9999977946281433,0.4513038694858551,0.47541555762290955,-0.06056489795446396,2.7722995281219482,5.679248715750873e-08,0.001548275351524353,7.900525815784931e-07,1
1,114,11.310708045959473,0.6605474948883057,2.6421899795532227,2.642185688018799,11.310704231262207,0.23360075857471124,0.9999959468841553,0.031765781342983246,0.9999980926513672,0.45250776410102844,0.47554492950439453,-0.06050742417573929,2.772304058074951,8.360984793398529e-08,0.00235120952129364,6.470945663750172e-07,0
1,115,11.310704231262207,0.6598100662231445,2.639240264892578,2.642263412475586,11.310701370239258,0.23334004770435543,0.9999973177909851,0.026223447173833847,0.9999967813491821,0.45244279503822327,0.47549179196357727,-0.060230810195207596,2.7723021507263184,2.313499862793833e-07,0.0016624033451080322,6.25906977802515e-07,3
1,116,11.310701370239258,0.6597191691398621,2.6388766765594482,2.6421806812286377,11.310700416564941,0.23330796121121775,0.9999956488609314,0.03317081183195114,0.9999979138374329,0.45374637842178345,0.4758322834968567,-0.059345897287130356,2.7723145484924316,3.292407200206071e-07,0.003041088581085205,1.098698703572154e-06,0
1,117,11.310700416564941,0.6601564884185791,2.6406259536743164,2.642591953277588,11.310697555541992,0.2334626377166724,0.9999959468841553,0.03218939155340195,0.9999964237213135,0.4543111026287079,0.4764024019241333,-0.05904369428753853,2.7723159790039062,1.3102180673740804e-08,0.002935275435447693,1.0397052392363548e-06,0
1,118,11.310697555541992,0.6603924036026001,2.6415696144104004,2.6431307792663574,11.310694694519043,0.23354612758751467,0.9999966025352478,0.03010176680982113,0.9999967813491821,0.45480048656463623,0.4765223264694214,-0.05884580686688423,2.772317409515381,4.829962563235313e-08,0.0029298514127731323,7.319322321563959e-07,2
1,119,11.310694694519043,0.6603277325630188,2.641310930252075,2.643942356109619,11.310691833496094,0.2335233159049025,0.9999973773956299,0.0255628302693367,0.9999972581863403,0.45398375391960144,0.47591832280158997,-0.059536706656217575,2.772308111190796,2.687957021407783e-07,0.0022738873958587646,4.385656211525202e-07,1
1,120,11.310691833496094,0.6607508659362793,2.643003463745117,2.6441264152526855,11.310688018798828,0.23367301511283192,0.9999971389770508,0.026667479425668716,0.9999980926513672,0.45451921224594116,0.47526416182518005,-0.059581827372312546,2.772313356399536,2.7234818844590336e-07,0.0014613568782806396,1.0819348972290754e-07,2
1,121,11.310688018798828,0.6607576608657837,2.6430306434631348,2.64505934715271,11.310683250427246,0.23367549693443132,0.9999980330467224,0.022740835323929787,0.9999976754188538,0.4554300904273987,0.47494858503341675,-0.05966710299253464,2.772315502166748,1.874104782473296e-07,0.0020380616188049316,3.782042767852545e-07,3
1,122,11.310683250427246,0.6612815856933594,2.6451263427734375,2.645352602005005,11.310680389404297,0.23386088039142297,0.9999985098838806,0.01975187100470066,0.9999984502792358,0.4539615511894226,0.47385385632514954,-0.05958414822816849,2.772317409515381,2.336819306947291e-07,0.0011209845542907715,6.848858902230859e-08,1
1,123,11.310680389404297,0.6617551445960999,2.6470205783843994,2.646690607070923,11.310676574707031,0.23402841272608985,0.9999983310699463,0.02029147371649742,0.9999986290931702,0.45454883575439453,0.47549158334732056,-0.059332411736249924,2.7723095417022705,2.4201108317356557e-07,0.0020617544651031494,5.609181243926287e-07,1
1,124,11.310676574707031,0.6610479354858398,2.6441917419433594,2.64727783203125,11.310674667358398,0.23377838845258017,0.9999979734420776,0.022695261985063553,0.9999986290931702,0.4529317617416382,0.4744115173816681,-0.058911290019750595,2.772322177886963,6.913469405844808e-07,0.0026706457138061523,4.893809091299772e-07,2
1,125,11.310674667358398,0.662340521812439,2.649362087249756,2.646976947784424,11.31067180633545,0.23423554873305474,0.9999983906745911,0.019895700737833977,0.9999978542327881,0.4543966054916382,0.4732222259044647,-0.058834295719861984,2.772315502166748,6.824575393693522e-08,0.0019444525241851807,4.2273313738405704e-07,2
1,126,11.31067180633545,0.6624032855033875,2.64961314201355,2.6468048095703125,11.310667991638184,0.23425780425610276,0.9999984502792358,0.02015736699104309,0.999998927116394,0.45472145080566406,0.4725063443183899,-0.05844853073358536,2.772312879562378,5.674519343301654e-08,0.0021452605724334717,5.710171535611153e-07,1
1,127,11.310667991638184,0.6623533368110657,2.6494133472442627,2.646829843521118,11.310665130615234,0.2342402189864415,0.9999985694885254,0.0197770893573761,0.999998927116394,0.4553653597831726,0.47303053736686707,-0.05822647362947464,2.772305965423584,3.704626578837633e-07,0.0019302070140838623,7.312337402254343e-07,1
1,128,11.310665130615234,0.6622304916381836,2.6489219665527344,2.6464974880218506,11.310665130615234,0.23419683422354565,0.9999984502792358,0.020037511363625526,0.9999986886978149,0.45576533675193787,0.4733580946922302,-0.057801518589258194,2.7722997665405273,1.1802876542787999e-07,0.0020282715559005737,3.6979326978325844e-07,0
